Norder,Npix,Dir
2,0,0
2,2,0
2,17,0
2,19,0
2,20,0
2,21,0
2,22,0
2,23,0
2,28,0
2,29,0
2,34,0
2,35,0
2,40,0
2,41,0
2,42,0
2,43,0
2,44,0
2,46,0
2,64,0
2,65,0
2,66,0
2,67,0
2,68,0
2,69,0
2,70,0
2,71,0
2,73,0
2,76,0
2,77,0
2,90,0
2,102,0
2,103,0
2,105,0
2,107,0
2,108,0
2,109,0
2,110,0
2,111,0
2,131,0
2,134,0
2,135,0
2,136,0
2,137,0
2,138,0
2,139,0
2,140,0
2,141,0
2,142,0
2,143,0
2,181,0
3,4,0
3,5,0
3,6,0
3,7,0
3,12,0
3,13,0
3,14,0
3,15,0
3,16,0
3,18,0
3,24,0
3,32,0
3,33,0
3,34,0
3,35,0
3,36,0
3,37,0
3,38,0
3,40,0
3,41,0
3,42,0
3,53,0
3,55,0
3,61,0
3,62,0
3,63,0
3,64,0
3,65,0
3,66,0
3,67,0
3,72,0
3,73,0
3,74,0
3,75,0
3,96,0
3,97,0
3,98,0
3,99,0
3,100,0
3,101,0
3,102,0
3,103,0
3,104,0
3,105,0
3,107,0
3,108,0
3,109,0
3,110,0
3,111,0
3,120,0
3,121,0
3,122,0
3,123,0
3,124,0
3,125,0
3,126,0
3,127,0
3,128,0
3,129,0
3,130,0
3,131,0
3,132,0
3,133,0
3,134,0
3,135,0
3,144,0
3,145,0
3,146,0
3,147,0
3,148,0
3,149,0
3,150,0
3,151,0
3,152,0
3,153,0
3,154,0
3,155,0
3,156,0
3,157,0
3,158,0
3,159,0
3,180,0
3,181,0
3,182,0
3,183,0
3,188,0
3,189,0
3,190,0
3,191,0
3,193,0
3,196,0
3,197,0
3,199,0
3,208,0
3,209,0
3,210,0
3,212,0
3,213,0
3,234,0
3,235,0
3,238,0
3,239,0
3,250,0
3,251,0
3,252,0
3,253,0
3,254,0
3,255,0
3,288,0
3,289,0
3,290,0
3,291,0
3,296,0
3,297,0
3,298,0
3,299,0
3,300,0
3,301,0
3,302,0
3,303,0
3,312,0
3,313,0
3,314,0
3,315,0
3,316,0
3,317,0
3,318,0
3,319,0
3,320,0
3,321,0
3,322,0
3,323,0
3,328,0
3,329,0
3,330,0
3,331,0
3,332,0
3,334,0
3,340,0
3,341,0
3,343,0
3,349,0
3,351,0
3,352,0
3,353,0
3,354,0
3,355,0
3,356,0
3,357,0
3,358,0
3,359,0
3,364,0
3,365,0
3,366,0
3,367,0
3,376,0
3,378,0
3,384,0
3,385,0
3,386,0
3,387,0
3,388,0
3,389,0
3,390,0
3,391,0
3,392,0
3,393,0
3,394,0
3,395,0
3,396,0
3,397,0
3,398,0
3,399,0
3,400,0
3,401,0
3,402,0
3,403,0
3,404,0
3,405,0
3,406,0
3,407,0
3,416,0
3,417,0
3,418,0
3,419,0
3,424,0
3,425,0
3,426,0
3,427,0
3,482,0
3,483,0
3,488,0
3,489,0
3,490,0
3,491,0
3,492,0
3,493,0
3,494,0
3,495,0
3,506,0
3,507,0
3,510,0
3,511,0
3,512,0
3,513,0
3,514,0
3,515,0
3,518,0
3,519,0
3,521,0
3,522,0
3,523,0
3,529,0
3,530,0
3,531,0
3,532,0
3,533,0
3,534,0
3,535,0
3,576,0
3,578,0
3,599,0
3,605,0
3,606,0
3,607,0
3,608,0
3,610,0
3,616,0
3,618,0
3,628,0
3,629,0
3,630,0
3,631,0
3,636,0
3,637,0
3,638,0
3,639,0
3,683,0
3,685,0
3,686,0
3,687,0
3,691,0
3,694,0
3,695,0
3,696,0
3,697,0
3,698,0
3,699,0
3,700,0
3,701,0
3,702,0
3,703,0
3,704,0
3,705,0
3,706,0
3,707,0
3,708,0
3,709,0
3,710,0
3,711,0
3,713,0
3,716,0
3,717,0
3,718,0
3,719,0
3,720,0
3,721,0
3,722,0
3,723,0
3,728,0
3,729,0
3,730,0
3,731,0
3,732,0
3,733,0
3,734,0
3,735,0
3,740,0
3,741,0
3,743,0
3,752,0
3,753,0
3,754,0
3,755,0
3,756,0
3,757,0
3,758,0
3,759,0
3,761,0
3,764,0
3,765,0
3,767,0
4,68,0
4,69,0
4,70,0
4,71,0
4,76,0
4,77,0
4,78,0
4,79,0
4,80,0
4,81,0
4,82,0
4,83,0
4,84,0
4,85,0
4,86,0
4,87,0
4,88,0
4,89,0
4,90,0
4,91,0
4,92,0
4,93,0
4,94,0
4,95,0
4,100,0
4,101,0
4,102,0
4,103,0
4,104,0
4,105,0
4,106,0
4,107,0
4,108,0
4,109,0
4,110,0
4,111,0
4,112,0
4,113,0
4,114,0
4,115,0
4,116,0
4,117,0
4,118,0
4,119,0
4,120,0
4,121,0
4,122,0
4,123,0
4,124,0
4,125,0
4,126,0
4,127,0
4,156,0
4,157,0
4,158,0
4,159,0
4,172,0
4,173,0
4,174,0
4,175,0
4,176,0
4,177,0
4,178,0
4,179,0
4,180,0
4,181,0
4,182,0
4,183,0
4,184,0
4,185,0
4,186,0
4,187,0
4,188,0
4,189,0
4,192,0
4,193,0
4,194,0
4,195,0
4,196,0
4,197,0
4,198,0
4,199,0
4,200,0
4,201,0
4,202,0
4,203,0
4,204,0
4,205,0
4,206,0
4,207,0
4,208,0
4,209,0
4,210,0
4,211,0
4,216,0
4,217,0
4,218,0
4,219,0
4,224,0
4,225,0
4,226,0
4,227,0
4,228,0
4,229,0
4,230,0
4,231,0
4,232,0
4,233,0
4,234,0
4,235,0
4,236,0
4,237,0
4,238,0
4,239,0
4,240,0
4,241,0
4,242,0
4,243,0
4,424,0
4,425,0
4,426,0
4,427,0
4,768,0
4,769,0
4,770,0
4,771,0
4,776,0
4,777,0
4,778,0
4,779,0
4,780,0
4,781,0
4,782,0
4,783,0
4,792,0
4,793,0
4,794,0
4,795,0
4,801,0
4,804,0
4,805,0
4,807,0
4,816,0
4,817,0
4,818,0
4,819,0
4,820,0
4,821,0
4,822,0
4,823,0
4,844,0
4,845,0
4,846,0
4,847,0
4,856,0
4,857,0
4,858,0
4,859,0
4,860,0
4,861,0
4,862,0
4,863,0
4,864,0
4,865,0
4,866,0
4,867,0
4,868,0
4,869,0
4,870,0
4,871,0
4,880,0
4,881,0
4,882,0
4,883,0
4,884,0
4,885,0
4,886,0
4,887,0
4,892,0
4,893,0
4,894,0
4,895,0
4,906,0
4,907,0
4,916,0
4,917,0
4,918,0
4,919,0
4,923,0
4,926,0
4,927,0
4,928,0
4,929,0
4,930,0
4,931,0
4,932,0
4,933,0
4,934,0
4,935,0
4,944,0
4,945,0
4,946,0
4,947,0
4,948,0
4,949,0
4,950,0
4,951,0
4,963,0
4,966,0
4,970,0
4,971,0
4,972,0
4,973,0
4,974,0
4,975,0
4,979,0
4,980,0
4,981,0
4,982,0
4,983,0
4,984,0
4,985,0
4,986,0
4,987,0
4,988,0
4,989,0
4,990,0
4,991,0
4,992,0
4,993,0
4,994,0
4,995,0
4,996,0
4,997,0
4,998,0
4,999,0
4,1296,0
4,1297,0
4,1298,0
4,1299,0
4,1300,0
4,1301,0
4,1302,0
4,1303,0
4,1304,0
4,1305,0
4,1306,0
4,1307,0
4,1308,0
4,1309,0
4,1310,0
4,1311,0
4,1332,0
4,1333,0
4,1334,0
4,1335,0
4,1340,0
4,1341,0
4,1342,0
4,1343,0
4,1344,0
4,1345,0
4,1346,0
4,1347,0
4,1348,0
4,1349,0
4,1350,0
4,1351,0
4,1352,0
4,1353,0
4,1354,0
4,1355,0
4,1356,0
4,1357,0
4,1358,0
4,1359,0
4,1368,0
4,1369,0
4,1370,0
4,1371,0
4,1376,0
4,1377,0
4,1378,0
4,1379,0
4,1380,0
4,1381,0
4,1382,0
4,1383,0
4,1384,0
4,1385,0
4,1386,0
4,1387,0
4,1388,0
4,1389,0
4,1390,0
4,1391,0
4,1392,0
4,1393,0
4,1394,0
4,1395,0
4,1400,0
4,1401,0
4,1402,0
4,1403,0
4,1472,0
4,1473,0
4,1474,0
4,1475,0
4,1476,0
4,1477,0
4,1478,0
4,1479,0
4,1480,0
4,1481,0
4,1482,0
4,1483,0
4,1484,0
4,1485,0
4,1486,0
4,1487,0
4,1488,0
4,1489,0
4,1490,0
4,1491,0
4,1492,0
4,1493,0
4,1494,0
4,1495,0
4,1496,0
4,1497,0
4,1498,0
4,1499,0
4,1500,0
4,1501,0
4,1502,0
4,1503,0
4,1508,0
4,1509,0
4,1510,0
4,1511,0
4,1516,0
4,1517,0
4,1518,0
4,1519,0
4,1520,0
4,1521,0
4,1522,0
4,1523,0
4,1524,0
4,1525,0
4,1526,0
4,1527,0
4,1528,0
4,1529,0
4,1530,0
4,1531,0
4,1532,0
4,1533,0
4,1534,0
4,1535,0
4,1834,0
4,1835,0
4,1838,0
4,1850,0
4,1851,0
4,1857,0
4,1860,0
4,1861,0
4,1862,0
4,1863,0
4,1872,0
4,1873,0
4,1874,0
4,1875,0
4,1876,0
4,1877,0
4,1878,0
4,1879,0
4,1880,0
4,1881,0
4,1884,0
4,1885,0
4,1887,0
4,1901,0
4,1920,0
4,1921,0
4,1922,0
4,1923,0
4,1924,0
4,1925,0
4,1926,0
4,1927,0
4,1936,0
4,1937,0
4,1938,0
4,1939,0
4,1940,0
4,1942,0
4,1943,0
4,1944,0
4,1945,0
4,1946,0
4,1947,0
4,1948,0
4,1949,0
4,1950,0
4,1951,0
4,1986,0
4,1987,0
4,1992,0
4,1993,0
4,1994,0
4,1995,0
4,1996,0
4,1997,0
4,1998,0
4,1999,0
4,2008,0
4,2010,0
4,2011,0
4,2014,0
4,2015,0
4,2016,0
4,2017,0
4,2018,0
4,2019,0
4,2020,0
4,2021,0
4,2022,0
4,2023,0
4,2032,0
4,2033,0
4,2034,0
4,2035,0
4,2036,0
4,2037,0
4,2038,0
4,2039,0
4,2064,0
4,2066,0
4,2071,0
4,2081,0
4,2083,0
4,2113,0
4,2114,0
4,2115,0
4,2308,0
4,2309,0
4,2310,0
4,2311,0
4,2316,0
4,2317,0
4,2318,0
4,2319,0
4,2320,0
4,2322,0
4,2328,0
4,2330,0
4,2336,0
4,2337,0
4,2338,0
4,2339,0
4,2340,0
4,2341,0
4,2342,0
4,2343,0
4,2344,0
4,2345,0
4,2346,0
4,2347,0
4,2348,0
4,2349,0
4,2350,0
4,2351,0
4,2352,0
4,2354,0
4,2360,0
4,2362,0
4,2365,0
4,2367,0
4,2381,0
4,2382,0
4,2383,0
4,2385,0
4,2386,0
4,2387,0
4,2388,0
4,2389,0
4,2390,0
4,2391,0
4,2392,0
4,2393,0
4,2394,0
4,2395,0
4,2404,0
4,2405,0
4,2406,0
4,2407,0
4,2408,0
4,2409,0
4,2411,0
4,2412,0
4,2413,0
4,2414,0
4,2415,0
4,2416,0
4,2417,0
4,2418,0
4,2419,0
4,2436,0
4,2437,0
4,2438,0
4,2439,0
4,2444,0
4,2445,0
4,2446,0
4,2447,0
4,2448,0
4,2450,0
4,2453,0
4,2454,0
4,2455,0
4,2456,0
4,2458,0
4,2468,0
4,2469,0
4,2470,0
4,2471,0
4,2476,0
4,2477,0
4,2478,0
4,2479,0
4,2480,0
4,2482,0
4,2488,0
4,2490,0
4,2491,0
4,2496,0
4,2497,0
4,2498,0
4,2499,0
4,2500,0
4,2501,0
4,2502,0
4,2503,0
4,2505,0
4,2507,0
4,2508,0
4,2509,0
4,2510,0
4,2511,0
4,2529,0
4,2531,0
4,2532,0
4,2533,0
4,2534,0
4,2535,0
4,2537,0
4,2538,0
4,2539,0
4,2540,0
4,2541,0
4,2542,0
4,2543,0
4,2560,0
4,2561,0
4,2562,0
4,2563,0
4,2564,0
4,2565,0
4,2566,0
4,2567,0
4,2568,0
4,2569,0
4,2570,0
4,2571,0
4,2572,0
4,2576,0
4,2577,0
4,2578,0
4,2580,0
4,2581,0
4,2592,0
4,2624,0
4,2667,0
4,2670,0
4,2671,0
4,2682,0
4,2683,0
4,2686,0
4,2687,0
4,2702,0
4,2703,0
4,2706,0
4,2707,0
4,2708,0
4,2709,0
4,2710,0
4,2711,0
4,2712,0
4,2713,0
4,2714,0
4,2715,0
4,2716,0
4,2717,0
4,2718,0
4,2719,0
4,2721,0
4,2722,0
4,2723,0
4,2724,0
4,2725,0
4,2726,0
4,2727,0
4,2728,0
4,2729,0
4,2730,0
4,2731,0
4,2736,0
4,2737,0
4,2738,0
4,2739,0
4,2752,0
4,2753,0
4,2754,0
4,2755,0
4,2756,0
4,2757,0
4,2758,0
4,2759,0
4,2760,0
4,2761,0
4,2762,0
4,2763,0
4,2768,0
4,2769,0
4,2770,0
4,2771,0
4,2772,0
4,2773,0
4,2774,0
4,2775,0
4,2848,0
4,2849,0
4,2850,0
4,2851,0
4,2856,0
4,2857,0
4,2858,0
4,2859,0
4,2860,0
4,2861,0
4,2862,0
4,2863,0
4,2944,0
4,2945,0
4,2946,0
4,2947,0
4,2948,0
4,2949,0
4,2950,0
4,2951,0
4,2952,0
4,2953,0
4,2954,0
4,2955,0
4,2956,0
4,2957,0
4,2958,0
4,2959,0
4,2968,0
4,2969,0
4,2970,0
4,2971,0
4,2977,0
4,2980,0
4,2981,0
4,2982,0
4,2983,0
4,2992,0
4,2993,0
4,2994,0
4,2995,0
4,2996,0
4,2997,0
4,2998,0
4,2999,0
4,3004,0
4,3005,0
4,3007,0
4,3040,0
4,3041,0
4,3042,0
4,3043,0
4,3048,0
4,3049,0
4,3050,0
4,3051,0
4,3052,0
4,3053,0
4,3054,0
4,3055,0
4,3064,0
4,3065,0
4,3066,0
4,3067,0
5,760,0
5,761,0
5,762,0
5,763,0
5,764,0
5,765,0
5,766,0
5,767,0
5,3200,0
5,3201,0
5,3202,0
5,3203,0
5,3208,0
5,3209,0
5,3210,0
5,3211,0
5,3212,0
5,3213,0
5,3214,0
5,3215,0
5,3224,0
5,3225,0
5,3226,0
5,3227,0
5,3232,0
5,3233,0
5,3236,0
5,3237,0
5,3238,0
5,3239,0
5,3242,0
5,3243,0
5,3245,0
5,3246,0
5,3247,0
5,3248,0
5,3249,0
5,3250,0
5,3251,0
5,3252,0
5,3253,0
5,3254,0
5,3255,0
5,3256,0
5,3257,0
5,3258,0
5,3259,0
5,3260,0
5,3261,0
5,3262,0
5,3263,0
5,3296,0
5,3297,0
5,3298,0
5,3299,0
5,3300,0
5,3301,0
5,3302,0
5,3303,0
5,3304,0
5,3305,0
5,3306,0
5,3307,0
5,3308,0
5,3309,0
5,3310,0
5,3311,0
5,3312,0
5,3313,0
5,3314,0
5,3315,0
5,3316,0
5,3317,0
5,3318,0
5,3319,0
5,3320,0
5,3321,0
5,3322,0
5,3323,0
5,3324,0
5,3325,0
5,3326,0
5,3327,0
5,3488,0
5,3489,0
5,3490,0
5,3491,0
5,3492,0
5,3493,0
5,3494,0
5,3495,0
5,3496,0
5,3497,0
5,3498,0
5,3499,0
5,3500,0
5,3501,0
5,3502,0
5,3503,0
5,3504,0
5,3505,0
5,3506,0
5,3507,0
5,3508,0
5,3509,0
5,3510,0
5,3511,0
5,3512,0
5,3513,0
5,3514,0
5,3515,0
5,3516,0
5,3517,0
5,3518,0
5,3519,0
5,3552,0
5,3553,0
5,3554,0
5,3555,0
5,3556,0
5,3557,0
5,3558,0
5,3559,0
5,3560,0
5,3561,0
5,3562,0
5,3563,0
5,3564,0
5,3565,0
5,3566,0
5,3567,0
5,3584,0
5,3585,0
5,3588,0
5,3589,0
5,3592,0
5,3594,0
5,3595,0
5,3598,0
5,3600,0
5,3601,0
5,3604,0
5,3605,0
5,3607,0
5,3616,0
5,3617,0
5,3618,0
5,3619,0
5,3620,0
5,3621,0
5,3622,0
5,3623,0
5,3632,0
5,3633,0
5,3634,0
5,3635,0
5,3636,0
5,3637,0
5,3638,0
5,3639,0
5,3640,0
5,3641,0
5,3642,0
5,3643,0
5,3644,0
5,3645,0
5,3646,0
5,3647,0
5,3648,0
5,3649,0
5,3650,0
5,3651,0
5,3652,0
5,3653,0
5,3654,0
5,3655,0
5,3656,0
5,3657,0
5,3658,0
5,3660,0
5,3661,0
5,3662,0
5,3663,0
5,3680,0
5,3681,0
5,3682,0
5,3683,0
5,3684,0
5,3685,0
5,3686,0
5,3687,0
5,3688,0
5,3689,0
5,3690,0
5,3691,0
5,3696,0
5,3697,0
5,3698,0
5,3699,0
5,3700,0
5,3701,0
5,3702,0
5,3703,0
5,3840,0
5,3841,0
5,3842,0
5,3843,0
5,3844,0
5,3845,0
5,3846,0
5,3847,0
5,3848,0
5,3849,0
5,3850,0
5,3851,0
5,3856,0
5,3857,0
5,3858,0
5,3859,0
5,3860,0
5,3861,0
5,3862,0
5,3863,0
5,3868,0
5,3869,0
5,3870,0
5,3871,0
5,3872,0
5,3873,0
5,3874,0
5,3875,0
5,3876,0
5,3877,0
5,3878,0
5,3879,0
5,3904,0
5,3905,0
5,3906,0
5,3907,0
5,3908,0
5,3909,0
5,3910,0
5,3911,0
5,3912,0
5,3913,0
5,3914,0
5,3915,0
5,7202,0
5,7203,0
5,7206,0
5,7228,0
5,7229,0
5,7233,0
5,7236,0
5,7237,0
5,7238,0
5,7239,0
5,7248,0
5,7249,0
5,7250,0
5,7251,0
5,7252,0
5,7253,0
5,7254,0
5,7255,0
5,7256,0
5,7257,0
5,7259,0
5,7260,0
5,7261,0
5,7262,0
5,7263,0
5,7272,0
5,7274,0
5,7275,0
5,7278,0
5,7279,0
5,7285,0
5,7306,0
5,7307,0
5,7310,0
5,7328,0
5,7329,0
5,7330,0
5,7331,0
5,7332,0
5,7333,0
5,7334,0
5,7335,0
5,7344,0
5,7346,0
5,7347,0
5,7348,0
5,7349,0
5,7350,0
5,7351,0
5,7356,0
5,7357,0
5,7358,0
5,7359,0
5,7365,0
5,7366,0
5,7367,0
5,7372,0
5,7373,0
5,7374,0
5,7375,0
5,7376,0
5,7377,0
5,7378,0
5,7379,0
5,7380,0
5,7382,0
5,7383,0
5,7384,0
5,7385,0
5,7386,0
5,7387,0
5,7388,0
5,7389,0
5,7390,0
5,7392,0
5,7393,0
5,7394,0
5,7395,0
5,7396,0
5,7397,0
5,7398,0
5,7399,0
5,7408,0
5,7409,0
5,7410,0
5,7411,0
5,7412,0
5,7413,0
5,7414,0
5,7415,0
5,7416,0
5,7417,0
5,7418,0
5,7419,0
5,7420,0
5,7421,0
5,7422,0
5,7423,0
5,7424,0
5,7425,0
5,7426,0
5,7427,0
5,7432,0
5,7433,0
5,7434,0
5,7435,0
5,7436,0
5,7437,0
5,7438,0
5,7439,0
5,7456,0
5,7457,0
5,7458,0
5,7459,0
5,7460,0
5,7461,0
5,7462,0
5,7463,0
5,7468,0
5,7469,0
5,7471,0
5,7472,0
5,7473,0
5,7474,0
5,7475,0
5,7476,0
5,7477,0
5,7478,0
5,7479,0
5,7480,0
5,7481,0
5,7482,0
5,7483,0
5,7484,0
5,7485,0
5,7486,0
5,7487,0
5,7528,0
5,7529,0
5,7530,0
5,7531,0
5,7532,0
5,7533,0
5,7534,0
5,7535,0
5,7544,0
5,7545,0
5,7546,0
5,7547,0
5,7560,0
5,7562,0
5,7563,0
5,7564,0
5,7565,0
5,7567,0
5,7568,0
5,7569,0
5,7572,0
5,7573,0
5,7578,0
5,7579,0
5,7582,0
5,7584,0
5,7585,0
5,7586,0
5,7587,0
5,7588,0
5,7589,0
5,7590,0
5,7591,0
5,7592,0
5,7593,0
5,7594,0
5,7595,0
5,7596,0
5,7597,0
5,7598,0
5,7599,0
5,7600,0
5,7601,0
5,7602,0
5,7603,0
5,7608,0
5,7609,0
5,7610,0
5,7611,0
5,7612,0
5,7613,0
5,7614,0
5,7615,0
5,7616,0
5,7617,0
5,7618,0
5,7619,0
5,7620,0
5,7621,0
5,7622,0
5,7623,0
5,7625,0
5,7626,0
5,7627,0
5,7628,0
5,7629,0
5,7632,0
5,7633,0
5,7634,0
5,7635,0
5,7636,0
5,7637,0
5,7638,0
5,7639,0
5,7640,0
5,7641,0
5,7643,0
5,7644,0
5,7645,0
5,7646,0
5,7647,0
5,7648,0
5,7649,0
5,7650,0
5,7651,0
5,7652,0
5,7654,0
5,7655,0
5,7656,0
5,7657,0
5,7661,0
5,7666,0
5,7672,0
5,7673,0
5,7675,0
5,7676,0
5,7678,0
5,7679,0
5,7764,0
5,7765,0
5,7766,0
5,7767,0
5,7936,0
5,7937,0
5,7938,0
5,7939,0
5,7940,0
5,7941,0
5,7942,0
5,7943,0
5,7952,0
5,7953,0
5,7954,0
5,7955,0
5,7956,0
5,7957,0
5,7958,0
5,7959,0
5,7960,0
5,7961,0
5,7962,0
5,7963,0
5,7964,0
5,7965,0
5,7966,0
5,7967,0
5,8000,0
5,8001,0
5,8002,0
5,8003,0
5,8004,0
5,8006,0
5,8007,0
5,8008,0
5,8009,0
5,8010,0
5,8011,0
5,8012,0
5,8013,0
5,8014,0
5,8015,0
5,8017,0
5,8018,0
5,8019,0
5,8020,0
5,8021,0
5,8022,0
5,8023,0
5,8024,0
5,8025,0
5,8026,0
5,8027,0
5,8028,0
5,8029,0
5,8030,0
5,8031,0
5,8036,0
5,8037,0
5,8038,0
5,8039,0
5,8048,0
5,8049,0
5,8050,0
5,8051,0
5,8052,0
5,8053,0
5,8054,0
5,8055,0
5,8260,0
5,8261,0
5,8262,0
5,8268,0
5,8270,0
5,8271,0
5,8276,0
5,8277,0
5,8278,0
5,8279,0
5,8281,0
5,8282,0
5,8283,0
5,8320,0
5,8321,0
5,8322,0
5,8328,0
5,8329,0
5,8330,0
5,8331,0
5,8448,0
5,8449,0
5,8450,0
5,8451,0
5,9284,0
5,9285,0
5,9286,0
5,9287,0
5,9292,0
5,9293,0
5,9294,0
5,9295,0
5,9296,0
5,9297,0
5,9298,0
5,9299,0
5,9300,0
5,9302,0
5,9303,0
5,9304,0
5,9305,0
5,9306,0
5,9307,0
5,9308,0
5,9309,0
5,9316,0
5,9317,0
5,9318,0
5,9319,0
5,9324,0
5,9325,0
5,9326,0
5,9327,0
5,9328,0
5,9329,0
5,9330,0
5,9335,0
5,9336,0
5,9337,0
5,9338,0
5,9339,0
5,9340,0
5,9341,0
5,9342,0
5,9343,0
5,9412,0
5,9413,0
5,9414,0
5,9415,0
5,9420,0
5,9421,0
5,9422,0
5,9423,0
5,9424,0
5,9425,0
5,9426,0
5,9427,0
5,9428,0
5,9429,0
5,9430,0
5,9431,0
5,9432,0
5,9433,0
5,9434,0
5,9435,0
5,9436,0
5,9437,0
5,9438,0
5,9439,0
5,9444,0
5,9445,0
5,9446,0
5,9447,0
5,9452,0
5,9453,0
5,9454,0
5,9455,0
5,9456,0
5,9457,0
5,9458,0
5,9459,0
5,9464,0
5,9465,0
5,9466,0
5,9467,0
5,9472,0
5,9474,0
5,9475,0
5,9480,0
5,9485,0
5,9486,0
5,9487,0
5,9488,0
5,9489,0
5,9490,0
5,9491,0
5,9492,0
5,9493,0
5,9494,0
5,9495,0
5,9496,0
5,9497,0
5,9498,0
5,9499,0
5,9500,0
5,9501,0
5,9502,0
5,9503,0
5,9504,0
5,9505,0
5,9506,0
5,9507,0
5,9508,0
5,9509,0
5,9510,0
5,9511,0
5,9512,0
5,9513,0
5,9514,0
5,9515,0
5,9516,0
5,9517,0
5,9518,0
5,9519,0
5,9520,0
5,9521,0
5,9522,0
5,9523,0
5,9536,0
5,9537,0
5,9538,0
5,9539,0
5,9600,0
5,9601,0
5,9602,0
5,9603,0
5,9604,0
5,9605,0
5,9606,0
5,9607,0
5,9608,0
5,9609,0
5,9610,0
5,9611,0
5,9612,0
5,9613,0
5,9614,0
5,9615,0
5,9640,0
5,9641,0
5,9642,0
5,9643,0
5,9796,0
5,9797,0
5,9798,0
5,9799,0
5,9804,0
5,9805,0
5,9806,0
5,9807,0
5,9808,0
5,9809,0
5,9810,0
5,9811,0
5,9828,0
5,9829,0
5,9830,0
5,9831,0
5,9836,0
5,9837,0
5,9838,0
5,9839,0
5,9840,0
5,9841,0
5,9842,0
5,9843,0
5,9844,0
5,9845,0
5,9846,0
5,9847,0
5,9848,0
5,9849,0
5,9850,0
5,9851,0
5,9852,0
5,9853,0
5,9854,0
5,9855,0
5,9924,0
5,9925,0
5,9926,0
5,9927,0
5,9932,0
5,9933,0
5,9934,0
5,9935,0
5,9936,0
5,9937,0
5,9938,0
5,9939,0
5,9940,0
5,9941,0
5,9942,0
5,9943,0
5,9944,0
5,9945,0
5,9946,0
5,9947,0
5,9948,0
5,9949,0
5,9950,0
5,9951,0
5,9956,0
5,9957,0
5,9958,0
5,9959,0
5,9968,0
5,9969,0
5,9970,0
5,9971,0
5,9972,0
5,9973,0
5,9974,0
5,9975,0
5,9976,0
5,9977,0
5,9978,0
5,9979,0
5,9980,0
5,9981,0
5,9982,0
5,9983,0
5,10016,10000
5,10017,10000
5,10018,10000
5,10019,10000
5,10024,10000
5,10025,10000
5,10026,10000
5,10027,10000
5,10112,10000
5,10113,10000
5,10114,10000
5,10115,10000
5,10120,10000
5,10121,10000
5,10122,10000
5,10123,10000
5,10144,10000
5,10145,10000
5,10146,10000
5,10147,10000
5,10292,10000
5,10293,10000
5,10294,10000
5,10295,10000
5,10296,10000
5,10297,10000
5,10298,10000
5,10299,10000
5,10300,10000
5,10301,10000
5,10302,10000
5,10303,10000
5,10316,10000
5,10317,10000
5,10318,10000
5,10319,10000
5,10328,10000
5,10329,10000
5,10330,10000
5,10331,10000
5,10332,10000
5,10333,10000
5,10334,10000
5,10335,10000
5,10336,10000
5,10337,10000
5,10338,10000
5,10339,10000
5,10340,10000
5,10341,10000
5,10342,10000
5,10343,10000
5,10344,10000
5,10345,10000
5,10346,10000
5,10348,10000
5,10349,10000
5,10352,10000
5,10353,10000
5,10354,10000
5,10355,10000
5,10356,10000
5,10357,10000
5,10372,10000
5,10373,10000
5,10374,10000
5,10375,10000
5,10376,10000
5,10377,10000
5,10378,10000
5,10379,10000
5,10380,10000
5,10381,10000
5,10382,10000
5,10384,10000
5,10385,10000
5,10386,10000
5,10387,10000
5,10388,10000
5,10389,10000
5,10399,10000
5,10400,10000
5,10401,10000
5,10402,10000
5,10408,10000
5,10415,10000
5,10419,10000
5,10420,10000
5,10421,10000
5,10422,10000
5,10431,10000
5,10433,10000
5,10439,10000
5,10441,10000
5,10442,10000
5,10443,10000
5,10444,10000
5,10445,10000
5,10450,10000
5,10451,10000
5,10453,10000
5,10454,10000
5,10455,10000
5,10456,10000
5,10464,10000
5,10466,10000
5,10467,10000
5,10469,10000
5,10470,10000
5,10471,10000
5,10472,10000
5,10473,10000
5,10474,10000
5,10475,10000
5,10476,10000
5,10477,10000
5,10478,10000
5,10479,10000
5,10480,10000
5,10481,10000
5,10482,10000
5,10483,10000
5,10484,10000
5,10485,10000
5,10486,10000
5,10487,10000
5,10488,10000
5,10489,10000
5,10490,10000
5,10491,10000
5,10492,10000
5,10493,10000
5,10494,10000
5,10495,10000
5,10500,10000
5,10501,10000
5,10502,10000
5,10503,10000
5,10504,10000
5,10505,10000
5,10506,10000
5,10507,10000
5,10508,10000
5,10509,10000
5,10510,10000
5,10511,10000
5,10512,10000
5,10513,10000
5,10514,10000
5,10515,10000
5,10516,10000
5,10517,10000
5,10518,10000
5,10519,10000
5,10520,10000
5,10521,10000
5,10522,10000
5,10524,10000
5,10525,10000
5,10528,10000
5,10529,10000
5,10543,10000
5,10551,10000
5,10553,10000
5,10554,10000
5,10559,10000
5,10560,10000
5,10561,10000
5,10562,10000
5,10563,10000
5,10564,10000
5,10565,10000
5,10576,10000
5,10577,10000
5,10592,10000
5,10594,10000
5,10595,10000
5,10596,10000
5,10597,10000
5,10598,10000
5,10599,10000
5,10600,10000
5,10602,10000
5,10609,10000
5,10610,10000
5,10611,10000
5,10612,10000
5,10613,10000
5,10614,10000
5,10615,10000
5,10624,10000
5,10625,10000
5,10626,10000
5,10627,10000
5,10628,10000
5,10629,10000
5,10630,10000
5,10631,10000
5,10634,10000
5,10635,10000
5,10636,10000
5,10637,10000
5,10638,10000
5,10639,10000
5,10640,10000
5,10641,10000
5,10642,10000
5,10643,10000
5,10645,10000
5,10646,10000
5,10647,10000
5,10648,10000
5,10649,10000
5,10650,10000
5,10651,10000
5,10652,10000
5,10653,10000
5,10654,10000
5,10655,10000
5,10656,10000
5,10657,10000
5,10658,10000
5,10659,10000
5,10660,10000
5,10661,10000
5,10662,10000
5,10663,10000
5,10664,10000
5,10665,10000
5,10666,10000
5,10667,10000
5,10672,10000
5,10673,10000
5,10674,10000
5,10675,10000
5,10676,10000
5,10677,10000
5,10678,10000
5,10679,10000
5,10688,10000
5,10689,10000
5,10690,10000
5,10691,10000
5,10692,10000
5,10693,10000
5,10694,10000
5,10695,10000
5,10696,10000
5,10697,10000
5,10698,10000
5,10699,10000
5,10700,10000
5,10701,10000
5,10702,10000
5,10703,10000
5,10712,10000
5,10714,10000
5,10715,10000
5,10718,10000
5,10719,10000
5,10720,10000
5,10721,10000
5,10722,10000
5,10723,10000
5,10724,10000
5,10725,10000
5,10726,10000
5,10727,10000
5,10736,10000
5,10737,10000
5,10738,10000
5,10739,10000
5,10740,10000
5,10741,10000
5,10742,10000
5,10743,10000
5,10753,10000
5,10755,10000
5,10756,10000
5,10757,10000
5,10762,10000
5,10763,10000
5,10765,10000
5,10766,10000
5,10767,10000
5,10769,10000
5,10770,10000
5,10771,10000
5,10772,10000
5,10773,10000
5,10774,10000
5,10775,10000
5,10776,10000
5,10777,10000
5,10778,10000
5,10779,10000
5,10780,10000
5,10781,10000
5,10782,10000
5,10783,10000
5,10784,10000
5,10785,10000
5,10786,10000
5,10787,10000
5,10788,10000
5,10789,10000
5,10790,10000
5,10791,10000
5,10792,10000
5,10793,10000
5,10794,10000
5,10795,10000
5,10796,10000
5,10797,10000
5,10798,10000
5,10799,10000
5,10800,10000
5,10801,10000
5,10802,10000
5,10803,10000
5,10804,10000
5,10805,10000
5,10806,10000
5,10807,10000
5,10816,10000
5,10817,10000
5,10818,10000
5,10819,10000
5,10820,10000
5,10821,10000
5,10822,10000
5,10823,10000
5,10880,10000
5,10881,10000
5,10882,10000
5,10883,10000
5,11904,10000
5,11905,10000
5,11906,10000
5,11907,10000
5,11912,10000
5,11913,10000
5,11914,10000
5,11915,10000
5,11916,10000
5,11917,10000
5,11918,10000
5,11919,10000
5,11936,10000
5,11937,10000
5,11938,10000
5,11939,10000
5,11940,10000
5,11941,10000
5,11942,10000
5,11943,10000
5,11944,10000
5,11945,10000
5,11948,10000
5,11949,10000
5,11952,10000
5,11953,10000
5,11954,10000
5,11955,10000
5,11956,10000
5,11957,10000
5,11958,10000
5,11959,10000
5,11960,10000
5,11961,10000
5,11964,10000
5,11965,10000
5,11967,10000
5,12000,10000
5,12001,10000
5,12002,10000
5,12003,10000
5,12004,10000
5,12005,10000
5,12006,10000
5,12007,10000
5,12008,10000
5,12009,10000
5,12010,10000
5,12011,10000
5,12012,10000
5,12013,10000
5,12014,10000
5,12015,10000
5,12024,10000
5,12025,10000
5,12026,10000
5,12027,10000
6,12936,10000
6,12937,10000
6,12938,10000
6,12939,10000
6,12940,10000
6,12941,10000
6,12942,10000
6,12943,10000
6,12960,10000
6,12961,10000
6,12962,10000
6,12963,10000
6,12964,10000
6,12965,10000
6,12966,10000
6,12967,10000
6,12976,10000
6,12977,10000
6,12978,10000
6,12979,10000
6,14344,10000
6,14345,10000
6,14346,10000
6,14347,10000
6,14348,10000
6,14349,10000
6,14350,10000
6,14351,10000
6,14360,10000
6,14361,10000
6,14362,10000
6,14363,10000
6,14364,10000
6,14365,10000
6,14366,10000
6,14367,10000
6,14372,10000
6,14373,10000
6,14374,10000
6,14375,10000
6,14384,10000
6,14385,10000
6,14386,10000
6,14387,10000
6,14388,10000
6,14389,10000
6,14390,10000
6,14391,10000
6,14396,10000
6,14397,10000
6,14398,10000
6,14399,10000
6,14408,10000
6,14409,10000
6,14410,10000
6,14411,10000
6,14412,10000
6,14413,10000
6,14414,10000
6,14415,10000
6,14424,10000
6,14425,10000
6,14426,10000
6,14427,10000
6,14432,10000
6,14433,10000
6,14434,10000
6,14435,10000
6,14436,10000
6,14437,10000
6,14438,10000
6,14439,10000
6,14440,10000
6,14441,10000
6,14442,10000
6,14443,10000
6,14444,10000
6,14445,10000
6,14446,10000
6,14447,10000
6,14448,10000
6,14449,10000
6,14450,10000
6,14451,10000
6,14452,10000
6,14453,10000
6,14454,10000
6,14455,10000
6,14456,10000
6,14457,10000
6,14458,10000
6,14459,10000
6,14460,10000
6,14461,10000
6,14462,10000
6,14463,10000
6,14636,10000
6,14637,10000
6,14638,10000
6,14639,10000
6,28672,20000
6,28673,20000
6,28674,20000
6,28675,20000
6,28676,20000
6,28677,20000
6,28678,20000
6,28679,20000
6,28680,20000
6,28681,20000
6,28682,20000
6,28683,20000
6,28684,20000
6,28685,20000
6,28686,20000
6,28687,20000
6,28688,20000
6,28689,20000
6,28690,20000
6,28691,20000
6,28692,20000
6,28693,20000
6,28694,20000
6,28695,20000
6,28696,20000
6,28697,20000
6,28700,20000
6,28701,20000
6,28702,20000
6,28703,20000
6,28704,20000
6,28705,20000
6,28706,20000
6,28712,20000
6,28714,20000
6,28719,20000
6,28725,20000
6,28727,20000
6,28730,20000
6,28736,20000
6,28737,20000
6,28738,20000
6,28739,20000
6,28740,20000
6,28741,20000
6,28742,20000
6,28743,20000
6,28744,20000
6,28745,20000
6,28746,20000
6,28747,20000
6,28748,20000
6,28749,20000
6,28750,20000
6,28751,20000
6,28752,20000
6,28753,20000
6,28754,20000
6,28755,20000
6,28756,20000
6,28757,20000
6,28758,20000
6,28759,20000
6,28760,20000
6,28761,20000
6,28762,20000
6,28763,20000
6,28764,20000
6,28765,20000
6,28766,20000
6,28767,20000
6,28768,20000
6,28769,20000
6,28770,20000
6,28771,20000
6,28772,20000
6,28773,20000
6,28774,20000
6,28775,20000
6,28776,20000
6,28777,20000
6,28778,20000
6,28779,20000
6,28780,20000
6,28781,20000
6,28782,20000
6,28783,20000
6,28784,20000
6,28785,20000
6,28786,20000
6,28787,20000
6,28788,20000
6,28789,20000
6,28790,20000
6,28791,20000
6,28792,20000
6,28793,20000
6,28794,20000
6,28795,20000
6,28796,20000
6,28797,20000
6,28798,20000
6,28799,20000
6,28800,20000
6,28801,20000
6,28802,20000
6,28803,20000
6,28804,20000
6,28805,20000
6,28806,20000
6,28807,20000
6,28816,20000
6,28817,20000
6,28818,20000
6,28819,20000
6,28820,20000
6,28822,20000
6,28828,20000
6,28829,20000
6,28830,20000
6,28831,20000
6,28832,20000
6,28833,20000
6,28834,20000
6,28835,20000
6,28836,20000
6,28837,20000
6,28838,20000
6,28839,20000
6,28840,20000
6,28841,20000
6,28842,20000
6,28843,20000
6,28844,20000
6,28845,20000
6,28846,20000
6,28847,20000
6,28848,20000
6,28849,20000
6,28850,20000
6,28851,20000
6,28852,20000
6,28853,20000
6,28854,20000
6,28855,20000
6,28856,20000
6,28857,20000
6,28858,20000
6,28859,20000
6,28860,20000
6,28861,20000
6,28862,20000
6,28863,20000
6,28865,20000
6,28867,20000
6,28868,20000
6,28869,20000
6,28870,20000
6,28871,20000
6,28872,20000
6,28873,20000
6,28874,20000
6,28875,20000
6,28876,20000
6,28877,20000
6,28878,20000
6,28879,20000
6,28880,20000
6,28881,20000
6,28882,20000
6,28883,20000
6,28884,20000
6,28885,20000
6,28886,20000
6,28887,20000
6,28888,20000
6,28889,20000
6,28890,20000
6,28891,20000
6,28892,20000
6,28893,20000
6,28894,20000
6,28895,20000
6,28896,20000
6,28897,20000
6,28898,20000
6,28899,20000
6,28900,20000
6,28901,20000
6,28902,20000
6,28903,20000
6,28904,20000
6,28905,20000
6,28906,20000
6,28908,20000
6,28909,20000
6,28920,20000
6,28921,20000
6,28922,20000
6,28923,20000
6,28924,20000
6,28925,20000
6,28926,20000
6,28927,20000
6,28928,20000
6,28929,20000
6,28930,20000
6,28931,20000
6,28936,20000
6,28937,20000
6,28938,20000
6,28939,20000
6,28940,20000
6,28941,20000
6,28942,20000
6,28943,20000
6,28960,20000
6,28961,20000
6,28962,20000
6,28963,20000
6,28964,20000
6,28965,20000
6,28966,20000
6,28967,20000
6,28968,20000
6,28969,20000
6,28970,20000
6,28971,20000
6,28972,20000
6,28973,20000
6,28974,20000
6,28975,20000
6,28976,20000
6,28977,20000
6,28978,20000
6,28979,20000
6,28980,20000
6,28981,20000
6,28982,20000
6,28983,20000
6,28984,20000
6,28985,20000
6,28986,20000
6,28987,20000
6,28988,20000
6,28989,20000
6,28990,20000
6,28991,20000
6,29032,20000
6,29033,20000
6,29034,20000
6,29035,20000
6,29056,20000
6,29057,20000
6,29058,20000
6,29059,20000
6,29060,20000
6,29061,20000
6,29062,20000
6,29063,20000
6,29064,20000
6,29065,20000
6,29066,20000
6,29067,20000
6,29068,20000
6,29069,20000
6,29070,20000
6,29071,20000
6,29072,20000
6,29073,20000
6,29074,20000
6,29075,20000
6,29076,20000
6,29077,20000
6,29078,20000
6,29079,20000
6,29080,20000
6,29081,20000
6,29082,20000
6,29083,20000
6,29084,20000
6,29085,20000
6,29086,20000
6,29087,20000
6,29092,20000
6,29093,20000
6,29094,20000
6,29095,20000
6,29104,20000
6,29105,20000
6,29106,20000
6,29107,20000
6,29108,20000
6,29109,20000
6,29110,20000
6,29111,20000
6,29120,20000
6,29121,20000
6,29122,20000
6,29123,20000
6,29124,20000
6,29125,20000
6,29126,20000
6,29127,20000
6,29128,20000
6,29129,20000
6,29130,20000
6,29131,20000
6,29132,20000
6,29133,20000
6,29134,20000
6,29135,20000
6,29136,20000
6,29137,20000
6,29138,20000
6,29139,20000
6,29144,20000
6,29145,20000
6,29146,20000
6,29147,20000
6,29148,20000
6,29149,20000
6,29150,20000
6,29151,20000
6,29152,20000
6,29153,20000
6,29154,20000
6,29155,20000
6,29156,20000
6,29157,20000
6,29158,20000
6,29159,20000
6,29160,20000
6,29161,20000
6,29162,20000
6,29163,20000
6,29164,20000
6,29165,20000
6,29166,20000
6,29167,20000
6,29168,20000
6,29169,20000
6,29170,20000
6,29171,20000
6,29172,20000
6,29173,20000
6,29174,20000
6,29175,20000
6,29176,20000
6,29177,20000
6,29178,20000
6,29179,20000
6,29180,20000
6,29181,20000
6,29182,20000
6,29183,20000
6,29186,20000
6,29187,20000
6,29188,20000
6,29189,20000
6,29190,20000
6,29191,20000
6,29192,20000
6,29193,20000
6,29194,20000
6,29195,20000
6,29196,20000
6,29197,20000
6,29198,20000
6,29199,20000
6,29200,20000
6,29201,20000
6,29202,20000
6,29203,20000
6,29204,20000
6,29205,20000
6,29206,20000
6,29207,20000
6,29208,20000
6,29209,20000
6,29210,20000
6,29211,20000
6,29212,20000
6,29213,20000
6,29214,20000
6,29215,20000
6,29216,20000
6,29217,20000
6,29218,20000
6,29219,20000
6,29220,20000
6,29221,20000
6,29222,20000
6,29223,20000
6,29232,20000
6,29233,20000
6,29234,20000
6,29235,20000
6,29236,20000
6,29237,20000
6,29238,20000
6,29239,20000
6,29244,20000
6,29245,20000
6,29246,20000
6,29247,20000
6,29248,20000
6,29249,20000
6,29250,20000
6,29251,20000
6,29252,20000
6,29253,20000
6,29255,20000
6,29256,20000
6,29257,20000
6,29258,20000
6,29259,20000
6,29261,20000
6,29262,20000
6,29263,20000
6,29264,20000
6,29265,20000
6,29266,20000
6,29267,20000
6,29268,20000
6,29269,20000
6,29270,20000
6,29271,20000
6,29272,20000
6,29273,20000
6,29274,20000
6,29275,20000
6,29276,20000
6,29277,20000
6,29278,20000
6,29279,20000
6,29280,20000
6,29281,20000
6,29282,20000
6,29283,20000
6,29284,20000
6,29285,20000
6,29286,20000
6,29287,20000
6,29288,20000
6,29289,20000
6,29290,20000
6,29291,20000
6,29292,20000
6,29293,20000
6,29294,20000
6,29295,20000
6,29296,20000
6,29297,20000
6,29298,20000
6,29299,20000
6,29300,20000
6,29301,20000
6,29302,20000
6,29303,20000
6,29304,20000
6,29305,20000
6,29306,20000
6,29307,20000
6,29308,20000
6,29309,20000
6,29310,20000
6,29311,20000
6,29380,20000
6,29381,20000
6,29382,20000
6,29383,20000
6,29440,20000
6,29441,20000
6,29442,20000
6,29443,20000
6,29444,20000
6,29445,20000
6,29446,20000
6,29447,20000
6,29448,20000
6,29449,20000
6,29450,20000
6,29451,20000
6,29452,20000
6,29453,20000
6,29454,20000
6,29455,20000
6,29456,20000
6,29457,20000
6,29458,20000
6,29459,20000
6,29472,20000
6,29473,20000
6,29474,20000
6,29475,20000
6,29476,20000
6,29477,20000
6,29478,20000
6,29479,20000
6,29480,20000
6,29481,20000
6,29482,20000
6,29483,20000
6,29484,20000
6,29485,20000
6,29486,20000
6,29487,20000
6,29524,20000
6,29525,20000
6,29526,20000
6,29527,20000
6,29564,20000
6,29565,20000
6,29566,20000
6,29567,20000
6,29856,20000
6,29857,20000
6,29858,20000
6,29859,20000
6,29860,20000
6,29861,20000
6,29862,20000
6,29863,20000
6,29864,20000
6,29865,20000
6,29866,20000
6,29867,20000
6,29868,20000
6,29869,20000
6,29870,20000
6,29871,20000
6,29880,20000
6,29881,20000
6,29882,20000
6,29883,20000
6,30208,30000
6,30209,30000
6,30210,30000
6,30211,30000
6,30212,30000
6,30213,30000
6,30214,30000
6,30215,30000
6,30216,30000
6,30217,30000
6,30218,30000
6,30219,30000
6,30220,30000
6,30221,30000
6,30222,30000
6,30223,30000
6,30224,30000
6,30225,30000
6,30226,30000
6,30227,30000
6,30228,30000
6,30229,30000
6,30230,30000
6,30231,30000
6,30232,30000
6,30233,30000
6,30234,30000
6,30235,30000
6,30236,30000
6,30237,30000
6,30238,30000
6,30239,30000
6,30244,30000
6,30245,30000
6,30246,30000
6,30247,30000
6,30264,30000
6,30265,30000
6,30266,30000
6,30267,30000
6,30280,30000
6,30281,30000
6,30282,30000
6,30283,30000
6,30284,30000
6,30285,30000
6,30286,30000
6,30287,30000
6,30296,30000
6,30297,30000
6,30298,30000
6,30299,30000
6,30300,30000
6,30301,30000
6,30302,30000
6,30303,30000
6,30304,30000
6,30305,30000
6,30306,30000
6,30307,30000
6,30308,30000
6,30309,30000
6,30310,30000
6,30311,30000
6,30320,30000
6,30321,30000
6,30322,30000
6,30323,30000
6,30324,30000
6,30325,30000
6,30326,30000
6,30327,30000
6,30332,30000
6,30333,30000
6,30334,30000
6,30335,30000
6,30496,30000
6,30497,30000
6,30498,30000
6,30499,30000
6,30520,30000
6,30521,30000
6,30522,30000
6,30523,30000
6,30524,30000
6,30525,30000
6,30526,30000
6,30527,30000
6,30568,30000
6,30569,30000
6,30570,30000
6,30571,30000
6,30612,30000
6,30613,30000
6,30614,30000
6,30615,30000
6,30632,30000
6,30633,30000
6,30634,30000
6,30635,30000
6,30636,30000
6,30637,30000
6,30638,30000
6,30639,30000
6,30640,30000
6,30641,30000
6,30642,30000
6,30643,30000
6,30648,30000
6,30649,30000
6,30650,30000
6,30651,30000
6,30652,30000
6,30653,30000
6,30654,30000
6,30655,30000
6,30656,30000
6,30657,30000
6,30658,30000
6,30659,30000
6,30660,30000
6,30661,30000
6,30662,30000
6,30663,30000
6,30668,30000
6,30669,30000
6,30670,30000
6,30671,30000
6,30672,30000
6,30673,30000
6,30674,30000
6,30675,30000
6,30676,30000
6,30677,30000
6,30678,30000
6,30679,30000
6,30680,30000
6,30681,30000
6,30682,30000
6,30683,30000
6,30684,30000
6,30685,30000
6,30686,30000
6,30687,30000
6,30696,30000
6,30697,30000
6,30698,30000
6,30699,30000
6,30708,30000
6,30709,30000
6,30710,30000
6,30711,30000
6,32020,30000
6,32021,30000
6,32022,30000
6,32023,30000
6,32064,30000
6,32065,30000
6,32066,30000
6,32067,30000
6,33052,30000
6,33053,30000
6,33054,30000
6,33055,30000
6,33076,30000
6,33077,30000
6,33078,30000
6,33079,30000
6,33088,30000
6,33089,30000
6,33090,30000
6,33091,30000
6,33092,30000
6,33093,30000
6,33094,30000
6,33095,30000
6,33096,30000
6,33097,30000
6,33098,30000
6,33099,30000
6,33100,30000
6,33101,30000
6,33102,30000
6,33103,30000
6,33120,30000
6,33121,30000
6,33122,30000
6,33123,30000
6,33292,30000
6,33293,30000
6,33294,30000
6,33295,30000
6,37204,30000
6,37205,30000
6,37206,30000
6,37207,30000
6,37240,30000
6,37241,30000
6,37242,30000
6,37243,30000
6,37244,30000
6,37245,30000
6,37246,30000
6,37247,30000
6,37324,30000
6,37325,30000
6,37326,30000
6,37327,30000
6,37328,30000
6,37329,30000
6,37330,30000
6,37331,30000
6,37332,30000
6,37333,30000
6,37334,30000
6,37335,30000
6,37336,30000
6,37337,30000
6,37338,30000
6,37339,30000
6,37892,30000
6,37893,30000
6,37894,30000
6,37895,30000
6,37904,30000
6,37905,30000
6,37906,30000
6,37907,30000
6,37908,30000
6,37909,30000
6,37910,30000
6,37911,30000
6,37912,30000
6,37913,30000
6,37914,30000
6,37915,30000
6,37916,30000
6,37917,30000
6,37918,30000
6,37919,30000
6,37924,30000
6,37925,30000
6,37926,30000
6,37927,30000
6,37928,30000
6,37929,30000
6,37930,30000
6,37931,30000
6,37932,30000
6,37933,30000
6,37934,30000
6,37935,30000
6,37936,30000
6,37937,30000
6,37938,30000
6,37939,30000
6,41388,40000
6,41389,40000
6,41390,40000
6,41391,40000
6,41400,40000
6,41401,40000
6,41402,40000
6,41403,40000
6,41404,40000
6,41405,40000
6,41406,40000
6,41407,40000
6,41432,40000
6,41433,40000
6,41434,40000
6,41435,40000
6,41436,40000
6,41437,40000
6,41438,40000
6,41439,40000
6,41440,40000
6,41441,40000
6,41442,40000
6,41443,40000
6,41444,40000
6,41445,40000
6,41446,40000
6,41447,40000
6,41448,40000
6,41449,40000
6,41450,40000
6,41451,40000
6,41452,40000
6,41453,40000
6,41454,40000
6,41455,40000
6,41456,40000
6,41457,40000
6,41458,40000
6,41459,40000
6,41460,40000
6,41461,40000
6,41462,40000
6,41463,40000
6,41464,40000
6,41465,40000
6,41466,40000
6,41467,40000
6,41468,40000
6,41469,40000
6,41470,40000
6,41471,40000
6,41532,40000
6,41533,40000
6,41534,40000
6,41535,40000
6,41560,40000
6,41561,40000
6,41562,40000
6,41563,40000
6,41564,40000
6,41565,40000
6,41566,40000
6,41567,40000
6,41568,40000
6,41569,40000
6,41570,40000
6,41571,40000
6,41572,40000
6,41573,40000
6,41574,40000
6,41575,40000
6,41576,40000
6,41577,40000
6,41578,40000
6,41579,40000
6,41580,40000
6,41581,40000
6,41582,40000
6,41583,40000
6,41584,40000
6,41585,40000
6,41586,40000
6,41587,40000
6,41588,40000
6,41589,40000
6,41590,40000
6,41591,40000
6,41592,40000
6,41593,40000
6,41594,40000
6,41595,40000
6,41612,40000
6,41613,40000
6,41614,40000
6,41615,40000
6,41616,40000
6,41617,40000
6,41618,40000
6,41619,40000
6,41620,40000
6,41621,40000
6,41622,40000
6,41623,40000
6,41624,40000
6,41625,40000
6,41626,40000
6,41627,40000
6,41628,40000
6,41629,40000
6,41630,40000
6,41631,40000
6,41636,40000
6,41637,40000
6,41638,40000
6,41639,40000
6,41640,40000
6,41641,40000
6,41642,40000
6,41643,40000
6,41644,40000
6,41645,40000
6,41646,40000
6,41647,40000
6,41648,40000
6,41649,40000
6,41650,40000
6,41651,40000
6,41652,40000
6,41653,40000
6,41654,40000
6,41655,40000
6,41656,40000
6,41657,40000
6,41658,40000
6,41659,40000
6,41664,40000
6,41665,40000
6,41666,40000
6,41667,40000
6,41668,40000
6,41669,40000
6,41670,40000
6,41671,40000
6,41672,40000
6,41673,40000
6,41674,40000
6,41675,40000
6,41692,40000
6,41693,40000
6,41694,40000
6,41695,40000
6,41696,40000
6,41697,40000
6,41698,40000
6,41699,40000
6,41700,40000
6,41701,40000
6,41702,40000
6,41703,40000
6,41704,40000
6,41705,40000
6,41706,40000
6,41707,40000
6,41708,40000
6,41709,40000
6,41710,40000
6,41711,40000
6,41712,40000
6,41713,40000
6,41714,40000
6,41715,40000
6,41716,40000
6,41717,40000
6,41718,40000
6,41719,40000
6,41720,40000
6,41721,40000
6,41722,40000
6,41723,40000
6,41728,40000
6,41729,40000
6,41730,40000
6,41731,40000
6,41736,40000
6,41737,40000
6,41738,40000
6,41739,40000
6,41740,40000
6,41741,40000
6,41742,40000
6,41743,40000
6,41744,40000
6,41745,40000
6,41746,40000
6,41747,40000
6,41748,40000
6,41749,40000
6,41750,40000
6,41751,40000
6,41752,40000
6,41753,40000
6,41754,40000
6,41755,40000
6,41760,40000
6,41761,40000
6,41762,40000
6,41763,40000
6,41784,40000
6,41785,40000
6,41786,40000
6,41787,40000
6,41788,40000
6,41789,40000
6,41790,40000
6,41791,40000
6,41792,40000
6,41793,40000
6,41794,40000
6,41795,40000
6,41796,40000
6,41797,40000
6,41798,40000
6,41799,40000
6,41808,40000
6,41809,40000
6,41810,40000
6,41811,40000
6,41828,40000
6,41829,40000
6,41830,40000
6,41831,40000
6,41832,40000
6,41833,40000
6,41834,40000
6,41835,40000
6,41836,40000
6,41837,40000
6,41838,40000
6,41839,40000
6,41840,40000
6,41841,40000
6,41842,40000
6,41843,40000
6,41844,40000
6,41845,40000
6,41846,40000
6,41847,40000
6,41848,40000
6,41849,40000
6,41850,40000
6,41851,40000
6,41852,40000
6,41853,40000
6,41854,40000
6,41855,40000
6,41860,40000
6,41861,40000
6,41862,40000
6,41863,40000
6,41872,40000
6,41873,40000
6,41874,40000
6,41875,40000
6,42092,40000
6,42093,40000
6,42094,40000
6,42095,40000
6,42104,40000
6,42105,40000
6,42106,40000
6,42107,40000
6,42108,40000
6,42109,40000
6,42110,40000
6,42111,40000
6,42120,40000
6,42121,40000
6,42122,40000
6,42123,40000
6,42124,40000
6,42125,40000
6,42126,40000
6,42127,40000
6,42128,40000
6,42129,40000
6,42130,40000
6,42131,40000
6,42132,40000
6,42133,40000
6,42134,40000
6,42135,40000
6,42136,40000
6,42137,40000
6,42138,40000
6,42139,40000
6,42140,40000
6,42141,40000
6,42142,40000
6,42143,40000
6,42144,40000
6,42145,40000
6,42146,40000
6,42147,40000
6,42148,40000
6,42149,40000
6,42150,40000
6,42151,40000
6,42152,40000
6,42153,40000
6,42154,40000
6,42155,40000
6,42156,40000
6,42157,40000
6,42158,40000
6,42159,40000
6,42160,40000
6,42161,40000
6,42162,40000
6,42163,40000
6,42164,40000
6,42165,40000
6,42166,40000
6,42167,40000
6,42168,40000
6,42169,40000
6,42170,40000
6,42171,40000
6,42176,40000
6,42177,40000
6,42178,40000
6,42179,40000
6,42180,40000
6,42181,40000
6,42182,40000
6,42183,40000
6,42184,40000
6,42185,40000
6,42186,40000
6,42187,40000
6,42188,40000
6,42189,40000
6,42190,40000
6,42191,40000
6,42192,40000
6,42193,40000
6,42194,40000
6,42195,40000
6,42196,40000
6,42197,40000
6,42198,40000
6,42199,40000
6,42200,40000
6,42201,40000
6,42202,40000
6,42203,40000
6,42208,40000
6,42209,40000
6,42210,40000
6,42211,40000
6,42220,40000
6,42221,40000
6,42222,40000
6,42223,40000
6,42224,40000
6,42225,40000
6,42226,40000
6,42227,40000
6,42228,40000
6,42229,40000
6,42230,40000
6,42231,40000
6,42232,40000
6,42233,40000
6,42234,40000
6,42235,40000
6,42264,40000
6,42265,40000
6,42266,40000
6,42267,40000
6,42268,40000
6,42269,40000
6,42270,40000
6,42271,40000
6,42272,40000
6,42273,40000
6,42274,40000
6,42275,40000
6,42276,40000
6,42277,40000
6,42278,40000
6,42279,40000
6,42280,40000
6,42281,40000
6,42282,40000
6,42283,40000
6,42284,40000
6,42285,40000
6,42286,40000
6,42287,40000
6,42288,40000
6,42289,40000
6,42290,40000
6,42291,40000
6,42292,40000
6,42293,40000
6,42294,40000
6,42295,40000
6,42296,40000
6,42297,40000
6,42298,40000
6,42299,40000
6,42300,40000
6,42301,40000
6,42302,40000
6,42303,40000
6,42312,40000
6,42313,40000
6,42314,40000
6,42315,40000
6,42316,40000
6,42317,40000
6,42318,40000
6,42319,40000
6,42320,40000
6,42321,40000
6,42322,40000
6,42323,40000
6,42324,40000
6,42325,40000
6,42326,40000
6,42327,40000
6,42328,40000
6,42329,40000
6,42330,40000
6,42331,40000
6,42332,40000
6,42333,40000
6,42334,40000
6,42335,40000
6,42336,40000
6,42337,40000
6,42338,40000
6,42339,40000
6,42340,40000
6,42341,40000
6,42342,40000
6,42343,40000
6,42344,40000
6,42345,40000
6,42346,40000
6,42347,40000
6,42348,40000
6,42349,40000
6,42350,40000
6,42351,40000
6,42352,40000
6,42353,40000
6,42354,40000
6,42355,40000
6,42356,40000
6,42357,40000
6,42358,40000
6,42359,40000
6,42360,40000
6,42361,40000
6,42362,40000
6,42363,40000
6,42364,40000
6,42365,40000
6,42366,40000
6,42367,40000
6,42372,40000
6,42373,40000
6,42374,40000
6,42375,40000
6,42404,40000
6,42405,40000
6,42406,40000
6,42407,40000
6,42412,40000
6,42413,40000
6,42414,40000
6,42415,40000
6,42416,40000
6,42417,40000
6,42418,40000
6,42419,40000
6,42420,40000
6,42421,40000
6,42422,40000
6,42423,40000
6,42424,40000
6,42425,40000
6,42426,40000
6,42427,40000
6,42428,40000
6,42429,40000
6,42430,40000
6,42431,40000
6,42432,40000
6,42433,40000
6,42434,40000
6,42435,40000
6,42464,40000
6,42465,40000
6,42466,40000
6,42467,40000
6,42468,40000
6,42469,40000
6,42470,40000
6,42471,40000
6,42472,40000
6,42473,40000
6,42474,40000
6,42475,40000
6,42476,40000
6,42477,40000
6,42478,40000
6,42479,40000
6,42480,40000
6,42481,40000
6,42482,40000
6,42483,40000
6,42484,40000
6,42485,40000
6,42486,40000
6,42487,40000
6,42488,40000
6,42489,40000
6,42490,40000
6,42491,40000
6,42492,40000
6,42493,40000
6,42494,40000
6,42495,40000
6,42528,40000
6,42529,40000
6,42530,40000
6,42531,40000
6,42532,40000
6,42533,40000
6,42534,40000
6,42535,40000
6,42576,40000
6,42577,40000
6,42578,40000
6,42579,40000
6,42816,40000
6,42817,40000
6,42818,40000
6,42819,40000
6,42820,40000
6,42821,40000
6,42822,40000
6,42823,40000
6,42824,40000
6,42825,40000
6,42826,40000
6,42827,40000
6,42828,40000
6,42829,40000
6,42830,40000
6,42831,40000
6,42832,40000
6,42833,40000
6,42834,40000
6,42835,40000
6,42836,40000
6,42837,40000
6,42838,40000
6,42839,40000
6,42840,40000
6,42841,40000
6,42842,40000
6,42843,40000
6,42844,40000
6,42845,40000
6,42846,40000
6,42847,40000
6,42852,40000
6,42853,40000
6,42854,40000
6,42855,40000
6,42864,40000
6,42865,40000
6,42866,40000
6,42867,40000
6,42868,40000
6,42869,40000
6,42870,40000
6,42871,40000
6,43008,40000
6,43009,40000
6,43010,40000
6,43011,40000
6,43016,40000
6,43017,40000
6,43018,40000
6,43019,40000
6,43032,40000
6,43033,40000
6,43034,40000
6,43035,40000
6,43036,40000
6,43037,40000
6,43038,40000
6,43039,40000
6,43040,40000
6,43041,40000
6,43042,40000
6,43043,40000
6,43044,40000
6,43045,40000
6,43046,40000
6,43047,40000
6,43056,40000
6,43057,40000
6,43058,40000
6,43059,40000
6,43072,40000
6,43073,40000
6,43074,40000
6,43075,40000
6,47784,40000
6,47785,40000
6,47786,40000
6,47787,40000
6,47788,40000
6,47789,40000
6,47790,40000
6,47791,40000
6,47800,40000
6,47801,40000
6,47802,40000
6,47803,40000
6,47804,40000
6,47805,40000
6,47806,40000
6,47807,40000
6,47848,40000
6,47849,40000
6,47850,40000
6,47851,40000
6,47852,40000
6,47853,40000
6,47854,40000
6,47855,40000
6,47864,40000
6,47865,40000
6,47866,40000
6,47867,40000
7,114792,110000
7,114793,110000
7,114794,110000
7,114795,110000
7,114796,110000
7,114797,110000
7,114798,110000
7,114799,110000
7,114828,110000
7,114829,110000
7,114830,110000
7,114831,110000
7,114832,110000
7,114833,110000
7,114834,110000
7,114835,110000
7,114836,110000
7,114837,110000
7,114838,110000
7,114839,110000
7,114840,110000
7,114841,110000
7,114842,110000
7,114843,110000
7,114844,110000
7,114845,110000
7,114846,110000
7,114847,110000
7,114852,110000
7,114853,110000
7,114854,110000
7,114855,110000
7,114860,110000
7,114861,110000
7,114862,110000
7,114863,110000
7,114864,110000
7,114865,110000
7,114866,110000
7,114867,110000
7,114868,110000
7,114869,110000
7,114870,110000
7,114871,110000
7,114872,110000
7,114873,110000
7,114874,110000
7,114875,110000
7,114880,110000
7,114881,110000
7,114882,110000
7,114883,110000
7,114884,110000
7,114885,110000
7,114886,110000
7,114887,110000
7,114888,110000
7,114889,110000
7,114890,110000
7,114891,110000
7,114892,110000
7,114893,110000
7,114894,110000
7,114895,110000
7,114896,110000
7,114897,110000
7,114898,110000
7,114899,110000
7,114904,110000
7,114905,110000
7,114906,110000
7,114907,110000
7,114912,110000
7,114913,110000
7,114914,110000
7,114915,110000
7,114916,110000
7,114917,110000
7,114918,110000
7,114919,110000
7,114924,110000
7,114925,110000
7,114926,110000
7,114927,110000
7,114928,110000
7,114929,110000
7,114930,110000
7,114931,110000
7,114932,110000
7,114933,110000
7,114934,110000
7,114935,110000
7,114936,110000
7,114937,110000
7,114938,110000
7,114939,110000
7,114940,110000
7,114941,110000
7,114942,110000
7,114943,110000
7,115284,110000
7,115285,110000
7,115286,110000
7,115287,110000
7,115292,110000
7,115293,110000
7,115294,110000
7,115295,110000
7,115456,110000
7,115457,110000
7,115458,110000
7,115459,110000
7,115464,110000
7,115465,110000
7,115466,110000
7,115467,110000
7,115628,110000
7,115629,110000
7,115630,110000
7,115631,110000
7,115640,110000
7,115641,110000
7,115642,110000
7,115643,110000
7,115644,110000
7,115645,110000
7,115646,110000
7,115647,110000
7,116736,110000
7,116737,110000
7,116738,110000
7,116739,110000
7,116740,110000
7,116741,110000
7,116742,110000
7,116743,110000
7,117016,110000
7,117017,110000
7,117018,110000
7,117019,110000
7,117040,110000
7,117041,110000
7,117042,110000
7,117043,110000
